ID,System,t,X,Y,X1,Y1,X2,Y2,dX,dY,dX1,dY1,dX2,dY2,U1,U2,U3
1565428472143570222!,thoughtful-ruddy-butterfly,0.000000,0.097082,-2.420335,0.536901,-0.469294,0.037759,-0.498572,0.000000,0.000000,0.000000,0.000000,0.000000,0.000000,0.024297,0.193092,0.477384
1565428472143570222!,thoughtful-ruddy-butterfly,0.010000,0.077007,-2.417566,0.534231,-0.470531,0.035029,-0.498771,-4.006417,0.569039,-0.533348,-0.246545,-0.545129,-0.038285,0.368142,0.457404,0.548991
1565428472143570222!,thoughtful-ruddy-butterfly,0.020000,0.011150,-2.415574,0.521141,-0.481690,0.021460,-0.499539,-9.155883,-0.104845,-2.096831,-1.966414,-2.163754,-0.092954,0.373374,0.387926,0.254226
1565428472143570222!,thoughtful-ruddy-butterfly,0.030000,-0.094153,-2.421192,0.492447,-0.509151,-0.007468,-0.499944,-11.912374,-0.955276,-3.674484,-3.482600,-3.609354,0.053919,0.361044,0.370294,0.132963
1565428472143570222!,thoughtful-ruddy-butterfly,0.040000,-0.222421,-2.434803,0.446870,-0.550115,-0.050349,-0.497459,-13.763201,-1.694596,-5.482720,-4.635162,-4.938909,0.499881,0.336726,0.379679,0.081923
1565428472143570222!,thoughtful-ruddy-butterfly,0.050000,-0.367626,-2.454446,0.381472,-0.600032,-0.105962,-0.488643,-15.303980,-2.133071,-7.630129,-5.232953,-6.130494,1.329400,0.302803,0.404846,0.052486
1565428472143570222!,thoughtful-ruddy-butterfly,0.060000,-0.527462,-2.476271,0.292753,-0.652197,-0.172584,-0.469271,-16.671861,-2.092569,-10.109800,-5.043272,-7.100697,2.611424,0.260665,0.441125,0.020826
1565428472143570222!,thoughtful-ruddy-butterfly,0.070000,-0.699560,-2.494563,0.178071,-0.697409,-0.247275,-0.434575,-17.734668,-1.392101,-12.775198,-3.814032,-7.708165,4.385972,0.211527,0.487317,-0.025446
1565428472143570222!,thoughtful-ruddy-butterfly,0.080000,-0.879391,-2.501625,0.037172,-0.724010,-0.325355,-0.379663,-18.172058,0.151514,-15.317601,-1.320282,-7.752849,6.643852,0.157247,0.544585,-0.092037
1565428472143570222!,thoughtful-ruddy-butterfly,0.090000,-1.058507,-2.488244,-0.126513,-0.718671,-0.399952,-0.300064,-17.530122,2.709620,-17.256683,2.565606,-6.967362,9.286696,0.101635,0.615752,-0.178242
1565428472143570222!,thoughtful-ruddy-butterfly,0.100000,-1.223570,-2.443616,-0.303926,-0.667594,-0.461253,-0.192991,-15.308868,6.408712,-17.957146,7.780020,-5.045955,12.059966,0.051940,0.702813,-0.273854
1565428472143570222!,thoughtful-ruddy-butterfly,0.110000,-1.356909,-2.356165,-0.479103,-0.559096,-0.496459,-0.059397,-11.134128,11.245106,-16.688326,13.958140,-1.732136,14.477637,0.018283,0.800805,-0.355328
1565428472143570222!,thoughtful-ruddy-butterfly,0.120000,-1.438682,-2.215686,-0.628776,-0.387011,-0.491147,0.093674,-4.986948,16.886820,-12.754144,20.326848,3.015690,15.811638,0.005979,0.891273,-0.383193
1565428472143570222!,thoughtful-ruddy-butterfly,0.130000,-1.451816,-2.018099,-0.723754,-0.155325,-0.432417,0.251028,2.539838,22.411427,-5.728588,25.643126,8.827903,15.206794,-0.000751,0.946896,-0.312811
1565428472143570222!,thoughtful-ruddy-butterfly,0.140000,-1.388547,-1.772278,-0.733263,0.117325,-0.313723,0.389330,10.169041,26.199525,4.222021,28.261857,14.808744,11.932914,-0.042611,0.961287,-0.122865
1565428472143570222!,thoughtful-ruddy-butterfly,0.150000,-1.256246,-1.505392,-0.632682,0.394916,-0.139976,0.480007,16.214136,26.354515,16.007412,26.422349,19.584291,5.711027,-0.145788,0.976566,0.157868
1565428472143570222!,thoughtful-ruddy-butterfly,0.160000,-1.078852,-1.260615,-0.413695,0.625536,0.069023,0.495213,18.950456,21.764409,27.442139,18.769791,21.563298,-3.005491,-0.276321,1.049534,0.457530
1565428472143570222!,thoughtful-ruddy-butterfly,0.170000,-0.896329,-1.083434,-0.094887,0.748966,0.277846,0.415694,17.029229,13.107207,35.372746,5.084250,19.295347,-12.896823,-0.370255,1.183931,0.717323
1565428472143570222!,thoughtful-ruddy-butterfly,0.180000,-0.759518,-1.002977,0.270847,0.711185,0.438553,0.240149,9.633555,2.965543,36.241149,-13.028004,11.883013,-21.700400,-0.410799,1.331642,0.930996
1565428472143570222!,thoughtful-ruddy-butterfly,0.190000,-0.724186,-1.016062,0.597027,0.485402,0.499974,-0.005088,-3.226153,-4.968131,27.103803,-31.656971,-0.267052,-26.241096,-0.435375,1.452911,1.132810
1565428472143570222!,thoughtful-ruddy-butterfly,0.200000,-0.840651,-1.080443,0.777049,0.095587,0.426504,-0.260949,-20.311614,-6.755044,7.227814,-44.637202,-14.337702,-23.434017,-0.484779,1.542087,1.347032
1565428472143570222!,thoughtful-ruddy-butterfly,0.210000,-1.136579,-1.117445,0.716647,-0.365411,0.223401,-0.447316,-38.461743,0.939120,-19.895603,-44.813121,-25.243516,-12.607244,-0.570635,1.596632,1.540468
1565428472143570222!,thoughtful-ruddy-butterfly,0.220000,-1.595542,-1.024013,0.384376,-0.741303,-0.052036,-0.497285,-51.872419,19.328468,-45.207823,-27.346138,-28.263629,2.957503,-0.679749,1.575808,1.559135
1565428472143570222!,thoughtful-ruddy-butterfly,0.230000,-2.132391,-0.709298,-0.138150,-0.860967,-0.310754,-0.391704,-52.938202,44.441529,-55.930360,5.098734,-22.108105,17.539222,-0.805756,1.401066,1.094606
1565428472143570222!,thoughtful-ruddy-butterfly,0.240000,-2.596274,-0.159005,-0.653181,-0.632703,-0.471302,-0.166956,-36.962383,64.957991,-43.173822,39.478870,-9.299085,26.250414,-0.961908,1.055411,-0.117341
1565428472143570222!,thoughtful-ruddy-butterfly,0.250000,-2.830533,0.508822,-0.933342,-0.124160,-0.488879,0.104866,-7.979526,66.657435,-10.643368,58.673300,5.758043,26.843657,-1.059330,0.724917,-1.783119
1565428472143570222!,thoughtful-ruddy-butterfly,0.260000,-2.754253,1.069872,-0.850043,0.458331,-0.363434,0.343389,23.500654,43.738543,26.658324,53.570861,18.672443,19.762439,-0.808134,0.688263,-2.916446
1565428472143570222!,thoughtful-ruddy-butterfly,0.270000,-2.387680,1.317842,-0.436304,0.879516,-0.133058,0.481971,47.984947,4.984656,53.082778,27.679568,26.322370,7.266831,-0.263550,0.779909,-2.533649
1565428472143570222!,thoughtful-ruddy-butterfly,0.280000,-1.842055,1.184999,0.147452,0.980399,0.138337,0.480482,57.535193,-31.276591,59.897183,-8.308932,26.760708,-7.704772,-0.212410,0.392155,-0.553547
1565428472143570222!,thoughtful-ruddy-butterfly,0.290000,-1.313657,0.782192,0.685487,0.723669,0.371810,0.334302,44.229860,-48.670842,44.437497,-41.577953,18.848531,-20.963308,-0.556887,-0.193517,1.769751
1565428472143570222!,thoughtful-ruddy-butterfly,0.300000,-1.017891,0.328124,0.978271,0.204266,0.492766,0.084746,13.581070,-40.685192,12.449708,-58.918814,4.762732,-27.693439,-0.361918,-0.197236,2.749018
1565428472143570222!,thoughtful-ruddy-butterfly,0.310000,-1.032560,0.037198,0.921786,-0.387690,0.461405,-0.192628,-14.689878,-15.474230,-23.433940,-55.694039,-10.979170,-26.298653,0.096021,0.062876,2.579630
1565428472143570222!,thoughtful-ruddy-butterfly,0.320000,-1.265441,0.033760,0.530062,-0.847245,0.279780,-0.414395,-28.846838,15.860862,-52.771378,-32.897725,-24.597478,-16.607087,0.305085,0.110364,2.324932
1565428472143570222!,thoughtful-ruddy-butterfly,0.330000,-1.552637,0.351540,-0.074176,-0.995365,-0.006570,-0.499957,-25.389644,47.391730,-64.086498,4.915259,-31.059093,0.408140,0.285747,-0.044357,2.155161
1565428472143570222!,thoughtful-ruddy-butterfly,0.340000,-1.716211,0.953187,-0.661127,-0.745870,-0.300192,-0.399856,-4.464271,71.178321,-48.942162,43.558353,-25.632656,19.243689,0.147022,-0.286277,1.698304
1565428472143570222!,thoughtful-ruddy-butterfly,0.350000,-1.615223,1.708890,-0.977813,-0.186818,-0.480014,-0.139953,25.960975,76.993488,-12.161856,64.175112,-9.038672,31.001146,-0.065470,-0.556746,0.606635
1565428472143570222!,thoughtful-ruddy-butterfly,0.360000,-1.232088,2.411958,-0.891501,0.441172,-0.468576,0.174461,50.129013,60.849273,28.311535,57.078820,11.075889,29.748089,-0.279107,-0.800646,-1.038735
1565428472143570222!,thoughtful-ruddy-butterfly,0.370000,-0.700001,2.866697,-0.460656,0.881070,-0.277869,0.415678,54.825375,28.479691,54.446884,28.434068,25.568618,17.091904,-0.276895,-0.845113,-2.538233
1565428472143570222!,thoughtful-ruddy-butterfly,0.380000,-0.222259,2.955400,0.126116,0.985975,0.008845,0.499922,39.388871,-10.990230,58.881417,-7.542166,29.807165,-0.527354,0.122199,-0.488265,-3.006398
1565428472143570222!,thoughtful-ruddy-butterfly,0.390000,0.051603,2.653428,0.655794,0.746872,0.286542,0.409749,14.296846,-47.783240,43.770370,-38.443024,23.987303,-16.774572,0.482629,-0.073135,-1.981989
1565428472143570222!,thoughtful-ruddy-butterfly,0.400000,0.084711,2.057920,0.959436,0.259349,0.465294,0.183034,-9.071953,-68.122205,15.216300,-56.309755,10.734049,-27.287208,0.172059,-0.300307,0.231341
1565428472143570222!,thoughtful-ruddy-butterfly,0.410000,-0.079607,1.405143,0.943137,-0.313575,0.488966,-0.104463,-25.008183,-59.160399,-18.332262,-55.187809,-6.127055,-28.679321,-0.178960,-0.677683,2.214226
1565428472143570222!,thoughtful-ruddy-butterfly,0.420000,-0.355032,0.968193,0.615848,-0.780346,0.350542,-0.356539,-29.318382,-26.851382,-45.049918,-35.586350,-20.675643,-20.327904,0.090671,-0.444315,2.690577
1565428472143570222!,thoughtful-ruddy-butterfly,0.430000,-0.621421,0.880029,0.086245,-0.990588,0.096065,-0.490685,-21.664862,8.616598,-57.811670,-5.057980,-28.751079,-5.628833,0.444878,-0.072369,2.354477
1565428472143570222!,thoughtful-ruddy-butterfly,0.440000,-0.760737,1.111407,-0.483405,-0.869271,-0.196527,-0.459758,-3.960052,35.975413,-52.537572,29.173635,-27.943459,11.944654,0.524711,0.030189,2.104231
1565428472143570222!,thoughtful-ruddy-butterfly,0.450000,-0.674427,1.556209,-0.896778,-0.431393,-0.427053,-0.260050,22.673747,50.479164,-27.026702,56.039086,-16.423007,26.969781,0.394268,-0.078810,1.894950
1565428472143570222!,thoughtful-ruddy-butterfly,0.460000,-0.300948,2.061698,-0.979432,0.180300,-0.497916,0.045608,52.012219,47.603896,11.376306,62.258315,2.940300,32.100052,0.144715,-0.288221,1.302984
1565428472143570222!,thoughtful-ruddy-butterfly,0.470000,0.323795,2.452959,-0.683750,0.725286,-0.371084,0.335107,71.396799,28.155152,45.658552,43.165190,21.492648,23.800106,-0.162375,-0.536755,0.054084
1565428472143570222!,thoughtful-ruddy-butterfly,0.480000,1.039106,2.608437,-0.133968,0.988592,-0.101087,0.489675,69.452580,1.818158,60.527003,8.281965,30.547647,6.306176,-0.396069,-0.720170,-1.562918
1565428472143570222!,thoughtful-ruddy-butterfly,0.490000,1.617271,2.515136,0.449651,0.891355,0.199182,0.458614,44.379980,-20.541220,52.655779,-26.492134,27.580096,-11.978414,-0.310402,-0.604218,-2.726898
1565428472143570222!,thoughtful-ruddy-butterfly,0.500000,1.865819,2.229073,0.866791,0.496461,0.421741,0.268578,4.517876,-35.838749,28.499560,-49.666642,15.657916,-24.587191,0.134613,-0.112907,-2.702555
1565428472143570222!,thoughtful-ruddy-butterfly,0.510000,1.710661,1.817187,0.997961,-0.051518,0.499952,-0.006951,-34.875424,-44.453823,-2.893797,-56.651193,-0.400236,-28.787355,0.319095,0.147904,-1.280881
1565428472143570222!,thoughtful-ruddy-butterfly,0.520000,1.241664,1.372688,0.813412,-0.580924,0.415370,-0.278331,-57.911645,-41.045289,-33.162056,-46.470662,-16.097592,-24.023406,-0.124708,-0.244753,0.963708
1565428472143570222!,thoughtful-ruddy-butterfly,0.530000,0.666493,1.050504,0.372469,-0.927766,0.196793,-0.459644,-55.935418,-20.684636,-52.684692,-21.167781,-26.414314,-11.309111,-0.333263,-0.433603,2.478635
1565428472143570222!,thoughtful-ruddy-butterfly,0.540000,0.208156,0.978389,-0.183729,-0.982842,-0.083852,-0.492919,-34.384376,6.146904,-55.425272,10.351206,-28.087778,4.778098,0.003554,-0.070004,2.566753
1565428472143570222!,thoughtful-ruddy-butterfly,0.550000,0.003110,1.149683,-0.685434,-0.728057,-0.338834,-0.367684,-5.462435,26.084639,-41.910912,39.449829,-21.351335,19.676007,0.271984,0.228666,2.220237
1565428472143570222!,thoughtful-ruddy-butterfly,0.560000,0.099852,1.460456,-0.973910,-0.226860,-0.486303,-0.116228,25.319002,33.406542,-13.545341,58.138782,-6.991005,29.250723,0.260533,0.242019,2.010414
1565428472143570222!,thoughtful-ruddy-butterfly,0.570000,0.498628,1.767797,-0.929834,0.367977,-0.465170,0.183349,53.814408,25.227535,22.591981,57.088786,11.330970,28.747600,0.072163,0.073647,1.691226
1565428472143570222!,thoughtful-ruddy-butterfly,0.580000,1.133416,1.922736,-0.546510,0.837449,-0.272217,0.419402,71.238833,3.536729,51.719659,33.750629,26.049450,16.907629,-0.196754,-0.179890,0.861646
1565428472143570222!,thoughtful-ruddy-butterfly,0.590000,1.849360,1.837375,0.033364,0.999426,0.019594,0.499616,69.463580,-21.309260,60.564675,-2.023620,30.428660,-1.193355,-0.465584,-0.437779,-0.536269
1565428472143570222!,thoughtful-ruddy-butterfly,0.600000,2.446963,1.546960,0.588229,0.808648,0.297639,0.401760,48.036783,-36.241111,47.313237,-34.419549,23.612849,-17.493280,-0.575767,-0.537594,-1.980238
1565428472143570222!,thoughtful-ruddy-butterfly,0.610000,2.756996,1.179821,0.933707,0.357863,0.468861,0.173694,12.842640,-36.397233,20.216207,-52.753483,9.852356,-26.594942,-0.321647,-0.270303,-2.705683
1565428472143570222!,thoughtful-ruddy-butterfly,0.620000,2.683095,0.856908,0.981042,-0.193337,0.489230,-0.103218,-27.452715,-27.094847,-10.694541,-54.253552,-5.728059,-27.149690,0.151446,0.210904,-2.249047
1565428472143570222!,thoughtful-ruddy-butterfly,0.630000,2.236777,0.637610,0.732589,-0.680502,0.361128,-0.345813,-59.876427,-15.214454,-37.672762,-40.552579,-19.201351,-20.051705,0.168353,0.225910,-0.607903
1565428472143570222!,thoughtful-ruddy-butterfly,0.640000,1.577714,0.543514,0.263879,-0.964411,0.123879,-0.484411,-69.473607,-1.166158,-53.890847,-14.743214,-27.129879,-6.937959,-0.281576,-0.217547,1.450592
1565428472143570222!,thoughtful-ruddy-butterfly,0.650000,0.963858,0.603357,-0.285885,-0.958098,-0.151478,-0.476502,-51.266629,14.296648,-53.262884,15.894391,-26.526281,8.432565,-0.314261,-0.233225,2.495369
1565428472143570222!,thoughtful-ruddy-butterfly,0.660000,0.611401,0.803810,-0.749346,-0.661921,-0.380792,-0.324033,-18.361745,24.560911,-36.882356,41.754966,-18.070581,21.235887,0.039135,0.129077,2.397659
1565428472143570222!,thoughtful-ruddy-butterfly,0.670000,0.596122,1.064571,-0.987406,-0.157084,-0.495182,-0.069244,15.226400,25.190499,-9.003741,56.597961,-3.970160,28.391605,0.225119,0.316712,2.124125
1565428472143570222!,thoughtful-ruddy-butterfly,0.680000,0.896338,1.271181,-0.910366,0.413380,-0.451306,0.215227,43.679448,13.782589,24.551452,54.070013,12.775639,26.789043,0.156809,0.247383,1.945643
1565428472143570222!,thoughtful-ruddy-butterfly,0.690000,1.431764,1.303390,-0.517445,0.855525,-0.250972,0.432450,61.234060,-9.155635,51.915292,31.401677,26.204153,15.207524,-0.050647,0.034395,1.530132
1565428472143570222!,thoughtful-ruddy-butterfly,0.700000,2.060038,1.083219,0.061857,0.997940,0.039410,0.498444,61.756220,-35.698963,60.392319,-3.741276,30.101542,-2.380003,-0.308720,-0.234247,0.558275
1565428472143570222!,thoughtful-ruddy-butterfly,0.710000,2.606367,0.636970,0.612269,0.790496,0.312309,0.390466,45.319382,-52.715800,46.599387,-36.090226,22.962714,-18.366420,-0.527077,-0.463413,-0.854319
1565428472143570222!,thoughtful-ruddy-butterfly,0.720000,2.933196,0.110521,0.944939,0.326937,0.474794,0.156750,18.826643,-51.209726,18.561789,-53.642990,8.877517,-26.889998,-0.540589,-0.482264,-2.113027
1565428472143570222!,thoughtful-ruddy-butterfly,0.730000,2.972343,-0.313959,0.974334,-0.224737,0.485715,-0.118665,-11.418924,-32.624851,-12.354126,-53.567542,-6.509413,-26.644114,-0.199547,-0.143163,-2.580858
1565428472143570222!,thoughtful-ruddy-butterfly,0.740000,2.706386,-0.512823,0.715066,-0.698958,0.353422,-0.353684,-40.909343,-6.360267,-37.881219,-38.756041,-19.131457,-19.117276,0.238780,0.287895,-1.953060
1565428472143570222!,thoughtful-ruddy-butterfly,0.750000,2.184571,-0.462209,0.249655,-0.968275,0.119628,-0.485478,-60.925897,17.041964,-52.901003,-13.640783,-26.478001,-6.524537,0.154160,0.193750,-0.294576
1565428472143570222!,thoughtful-ruddy-butterfly,0.760000,1.568433,-0.221911,-0.291804,-0.956428,-0.150573,-0.476789,-59.104699,31.950591,-52.856038,16.125236,-26.300314,8.305780,-0.262005,-0.222495,1.587374
1565428472143570222!,thoughtful-ruddy-butterfly,0.770000,1.092328,0.117038,-0.749943,-0.661445,-0.377855,-0.327453,-34.090728,35.717830,-36.469765,41.347798,-18.017925,20.791241,-0.218818,-0.176081,2.425579
1565428472143570222!,thoughtful-ruddy-butterfly,0.780000,0.917429,0.446905,-0.985824,-0.167611,-0.493552,-0.080043,-0.881757,28.674949,-9.319191,54.806999,-4.441582,27.387096,0.107579,0.147962,2.315132
1565428472143570222!,thoughtful-ruddy-butterfly,0.790000,1.058310,0.664374,-0.922286,0.386452,-0.459868,0.196269,27.793934,12.744025,22.160674,52.889195,11.235831,26.326054,0.239222,0.274238,2.109553
1565428472143570222!,thoughtful-ruddy-butterfly,0.800000,1.437469,0.677250,-0.556633,0.830740,-0.275987,0.416930,45.836961,-11.596103,49.270704,33.014225,24.688787,16.342755,0.140764,0.169253,1.950714
1565428472143570222!,thoughtful-ruddy-butterfly,0.810000,1.922221,0.420217,0.008088,0.999956,0.006376,0.499959,48.310621,-40.210031,60.341457,-0.487671,30.125973,-0.384175,-0.073531,-0.052660,1.502521
1565428472143570222!,thoughtful-ruddy-butterfly,0.820000,2.349144,-0.097594,0.572138,0.820148,0.287633,0.408983,34.474833,-62.637953,49.125652,-34.269865,24.466316,-17.206895,-0.318895,-0.305592,0.507627
1565428472143570222!,thoughtful-ruddy-butterfly,0.830000,2.586288,-0.760378,0.931714,0.363181,0.466417,0.180153,11.621533,-68.143991,21.113826,-54.165460,10.461653,-27.085336,-0.506305,-0.498601,-0.860028
1565428472143570222!,thoughtful-ruddy-butterfly,0.840000,2.595478,-1.376911,0.980322,-0.197389,0.489917,-0.099908,-10.055804,-53.468943,-11.036237,-54.811481,-5.580466,-27.364945,-0.487190,-0.482048,-2.031663
1565428472143570222!,thoughtful-ruddy-butterfly,0.850000,2.412092,-1.766068,0.731446,-0.681897,0.365061,-0.341659,-26.415552,-23.295081,-36.970562,-39.657113,-18.506361,-19.773975,-0.144173,-0.139451,-2.463660
1565428472143570222!,thoughtful-ruddy-butterfly,0.860000,2.082467,-1.820149,0.276383,-0.961047,0.137500,-0.480722,-38.375955,12.813145,-51.518329,-14.815971,-25.745705,-7.363989,0.276930,0.281724,-1.910658
1565428472143570222!,thoughtful-ruddy-butterfly,0.870000,1.659780,-1.539462,-0.256412,-0.966567,-0.128659,-0.483163,-43.803227,42.589257,-52.381860,13.895861,-26.159731,6.965931,0.213480,0.218888,-0.399901
1565428472143570222!,thoughtful-ruddy-butterfly,0.880000,1.248440,-1.045297,-0.720389,-0.693570,-0.360342,-0.346631,-35.327733,55.443931,-38.153145,39.628395,-19.050119,19.803638,-0.187052,-0.180570,1.401778
1565428472143570222!,thoughtful-ruddy-butterfly,0.890000,0.999089,-0.524426,-0.976740,-0.214427,-0.488362,-0.107251,-12.787144,47.603925,-11.813284,53.810970,-5.903520,26.881286,-0.187531,-0.181492,2.309999
1565428472143570222!,thoughtful-ruddy-butterfly,0.900000,0.997390,-0.151377,-0.943410,0.331628,-0.471793,0.165565,11.770238,25.658325,18.439291,52.455754,9.199237,26.214125,0.104227,0.107903,2.296871
1565428472143570222!,thoughtful-ruddy-butterfly,0.910000,1.207468,-0.029163,-0.619217,0.785219,-0.309948,0.392342,28.120225,-2.376367,45.000758,35.487206,22.475301,17.755352,0.231893,0.232081,2.144834
1565428472143570222!,thoughtful-ruddy-butterfly,0.920000,1.515942,-0.203183,-0.084344,0.996436,-0.042689,0.498174,30.958294,-32.492990,59.063701,4.999460,29.526304,2.530151,0.140312,0.136511,2.039956
1565428472143570222!,thoughtful-ruddy-butterfly,0.930000,1.773848,-0.664249,0.491740,0.870742,0.245426,0.435621,18.011355,-58.580507,52.589331,-29.699091,26.315450,-14.825937,-0.060738,-0.067843,1.690234
1565428472143570222!,thoughtful-ruddy-butterfly,0.940000,1.842303,-1.324416,0.898533,0.438905,0.449085,0.219824,-6.260124,-71.465273,26.376130,-53.997599,13.216120,-26.999587,-0.287000,-0.295510,0.833290
1565428472143570222!,thoughtful-ruddy-butterfly,0.950000,1.661057,-2.021969,0.990468,-0.137742,0.495272,-0.068601,-30.246144,-65.788170,-8.050421,-57.888802,-4.011501,-28.961313,-0.468056,-0.475762,-0.442383
1565428472143570222!,thoughtful-ruddy-butterfly,0.960000,1.292919,-2.579897,0.757430,-0.652917,0.378798,-0.326361,-42.584815,-44.196988,-36.685331,-42.557577,-18.345469,-21.293064,-0.493350,-0.498508,-1.666907
1565428472143570222!,thoughtful-ruddy-butterfly,0.970000,0.873242,-2.870006,0.301300,-0.953529,0.150664,-0.476760,-40.434688,-12.976324,-51.807915,-16.370483,-25.911326,-8.188417,-0.241261,-0.242838,-2.319763
1565428472143570222!,thoughtful-ruddy-butterfly,0.980000,0.521973,-2.824934,-0.232339,-0.972635,-0.116217,-0.486306,-28.850123,21.870998,-52.034209,12.429735,-26.019079,6.217995,0.187719,0.189906,-2.126154
1565428472143570222!,thoughtful-ruddy-butterfly,0.990000,0.301253,-2.449003,-0.697727,-0.716363,-0.348908,-0.358138,-14.152375,51.685816,-38.596345,37.592264,-19.294803,18.797554,0.312047,0.317287,-1.002687
1565428472143570222!,thoughtful-ruddy-butterfly,1.000000,0.226580,-1.857010,-0.967562,-0.252633,-0.483792,-0.126273,1.117524,64.258763,-13.866204,53.106333,-6.930022,26.551078,-0.037751,-0.030840,0.726203
1565428472143570222!,thoughtful-ruddy-butterfly,1.010000,0.301779,-1.263680,-0.956834,0.290635,-0.478410,0.145340,15.038351,52.071455,16.070334,52.907107,8.036060,26.451982,-0.223388,-0.216710,2.007865
1565428472143570222!,thoughtful-ruddy-butterfly,1.020000,0.492478,-0.883347,-0.660285,0.751015,-0.330122,0.375525,22.247251,22.946313,41.726915,36.685886,20.866509,18.343623,-0.003526,0.001190,2.285607
1565428472143570222!,thoughtful-ruddy-butterfly,1.030000,0.711180,-0.813912,-0.157707,0.987486,-0.078776,0.493755,19.203151,-8.872030,56.207435,8.976613,28.112589,4.485239,0.191768,0.193719,2.180837
1565428472143570222!,thoughtful-ruddy-butterfly,1.040000,0.841942,-1.040213,0.409253,0.912421,0.204794,0.456135,4.643403,-35.047730,53.835526,-24.147121,26.925828,-12.089084,0.173306,0.172734,2.141179
1565428472143570222!,thoughtful-ruddy-butterfly,1.050000,0.769139,-1.475361,0.852390,0.522905,0.426370,0.261167,-20.647849,-49.578876,31.753777,-51.762020,15.868409,-25.906109,0.020101,0.018330,2.030180
1565428472143570222!,thoughtful-ruddy-butterfly,1.060000,0.418020,-1.974071,0.998194,-0.060070,0.499067,-0.030538,-49.803705,-47.231891,-3.683707,-61.211819,-1.873654,-30.620264,-0.175822,-0.176763,1.553909
1565428472143570222!,thoughtful-ruddy-butterfly,1.070000,-0.190363,-2.366780,0.784319,-0.620356,0.391757,-0.310687,-70.958714,-28.827980,-37.549364,-47.473790,-18.812693,-23.721670,-0.362461,-0.360751,0.567399
1565428472143570222!,thoughtful-ruddy-butterfly,1.080000,-0.926217,-2.532809,0.301032,-0.953613,0.149808,-0.477030,-74.348138,-3.329105,-55.917921,-17.651881,-27.977178,-8.786044,-0.485561,-0.480157,-0.725452
1565428472143570222!,thoughtful-ruddy-butterfly,1.090000,-1.598257,-2.456104,-0.266744,-0.963766,-0.134120,-0.481676,-58.361264,18.577818,-54.421073,15.062252,-27.198425,7.573265,-0.443937,-0.434684,-1.847083
1565428472143570222!,thoughtful-ruddy-butterfly,1.100000,-2.035170,-2.197462,-0.736410,-0.676533,-0.368720,-0.337707,-27.975385,32.600311,-37.136294,40.423044,-18.534395,20.236476,-0.145577,-0.133394,-2.342455
1565428472143570222!,thoughtful-ruddy-butterfly,1.110000,-2.134019,-1.828460,-0.980936,-0.194324,-0.490607,-0.096463,8.413361,39.924026,-10.561346,53.313000,-5.241567,26.658489,0.234430,0.247374,-1.965875
1565428472143570222!,thoughtful-ruddy-butterfly,1.120000,-1.889330,-1.415991,-0.939034,0.343821,-0.469289,0.172533,39.516809,40.375374,18.866121,51.526716,9.465931,25.747245,0.222013,0.233572,-0.668381
1565428472143570222!,thoughtful-ruddy-butterfly,1.130000,-1.416237,-1.049463,-0.619506,0.784991,-0.309251,0.392892,53.750780,30.098910,43.680823,34.472442,21.862642,17.208376,-0.148218,-0.138881,1.049326
1565428472143570222!,thoughtful-ruddy-butterfly,1.140000,-0.911854,-0.839086,-0.111453,0.993769,-0.055068,0.496958,45.635173,10.461033,55.370098,6.209828,27.694548,3.068845,-0.222150,-0.215353,2.087592
1565428472143570222!,thoughtful-ruddy-butterfly,1.150000,-0.567452,-0.830424,0.432723,0.901526,0.217027,0.450443,22.043773,-7.804947,50.515576,-24.246993,25.249670,-12.165503,0.036288,0.040463,2.192312
1565428472143570222!,thoughtful-ruddy-butterfly,1.160000,-0.484775,-0.962723,0.850114,0.526596,0.425511,0.262565,-6.212371,-16.229664,30.356999,-49.007077,15.143698,-24.541801,0.212569,0.215189,2.063898
1565428472143570222!,thoughtful-ruddy-butterfly,1.170000,-0.684339,-1.113330,0.999420,-0.033999,0.499676,-0.018003,-33.122616,-11.474547,-2.039919,-59.963622,-1.080616,-29.993258,0.196110,0.199310,2.053819
1565428472143570222!,thoughtful-ruddy-butterfly,1.180000,-1.125394,-1.145171,0.799178,-0.601091,0.398917,-0.301439,-53.420650,7.273947,-37.332357,-49.635044,-18.726373,-24.782048,0.066448,0.072484,2.021506
1565428472143570222!,thoughtful-ruddy-butterfly,1.190000,-1.705454,-0.936006,0.294449,-0.955664,0.146116,-0.478174,-59.908664,35.793752,-60.443567,-18.623253,-30.242207,-9.241163,-0.107521,-0.097502,1.673769
1565428472143570222!,thoughtful-ruddy-butterfly,1.200000,-2.262324,-0.442454,-0.326538,-0.945181,-0.164316,-0.472229,-48.576884,63.014663,-59.595000,20.588631,-29.764987,10.356953,-0.297981,-0.284578,0.779285
1565428472143570222!,thoughtful-ruddy-butterfly,1.210000,-2.633708,0.259216,-0.816845,-0.576853,-0.408989,-0.287625,-23.858106,75.702590,-35.537439,50.322226,-17.710325,25.183262,-0.471119,-0.456059,-0.588908
1565428472143570222!,thoughtful-ruddy-butterfly,1.220000,-2.737706,0.981103,-0.999958,-0.008964,-0.499987,-0.003660,3.559524,66.715548,-0.533734,59.531139,-0.217751,29.749940,-0.513273,-0.498534,-1.949386
1565428472143570222!,thoughtful-ruddy-butterfly,1.230000,-2.587930,1.513909,-0.837518,0.546409,-0.418390,0.273769,26.056683,38.428285,31.521241,48.314820,15.786381,24.125662,-0.260793,-0.248305,-2.647976
1565428472143570222!,thoughtful-ruddy-butterfly,1.240000,-2.241418,1.710974,-0.407395,0.913251,-0.203175,0.456859,41.912164,0.516261,51.723647,23.073579,25.869244,11.504611,0.150282,0.158779,-2.242221
1565428472143570222!,thoughtful-ruddy-butterfly,1.250000,-1.774540,1.544542,0.146802,0.989165,0.073929,0.494504,48.855914,-33.147368,56.033605,-8.315944,28.013139,-4.188027,0.139603,0.143640,-0.685704
1565428472143570222!,thoughtful-ruddy-butterfly,1.260000,-1.310392,1.125838,0.655039,0.755594,0.327946,0.377427,40.671813,-49.750694,43.018465,-37.293539,21.493245,-18.675478,-0.274120,-0.273061,1.291737
1565428472143570222!,thoughtful-ruddy-butterfly,1.270000,-1.007944,0.652174,0.958242,0.285957,0.479306,0.142359,18.065763,-43.753263,16.140838,-54.088004,8.038288,-27.063944,-0.301930,-0.301667,2.330574
1565428472143570222!,thoughtful-ruddy-butterfly,1.280000,-0.949402,0.315761,0.962448,-0.271460,0.481020,-0.136453,-5.428165,-22.110607,-15.319576,-54.314640,-7.703345,-27.155704,0.041280,0.042462,2.262775
1565428472143570222!,thoughtful-ruddy-butterfly,1.290000,-1.085636,0.223292,0.661686,-0.749779,0.330210,-0.375448,-19.500663,4.735510,-43.532309,-38.417551,-21.804016,-19.176871,0.261996,0.265770,2.004386
1565428472143570222!,thoughtful-ruddy-butterfly,1.300000,-1.299139,0.408354,0.129172,-0.991621,0.063698,-0.495926,-20.700255,32.324560,-60.050747,-7.822407,-30.033267,-3.857575,0.259196,0.266986,1.935239
1565428472143570222!,thoughtful-ruddy-butterfly,1.310000,-1.451340,0.858337,-0.468458,-0.883484,-0.235002,-0.441332,-7.222397,56.627781,-55.460963,29.407529,-27.698692,14.749064,0.120134,0.131911,1.849623
1565428472143570222!,thoughtful-ruddy-butterfly,1.320000,-1.403844,1.500932,-0.900568,-0.434711,-0.450624,-0.216652,18.600980,69.582598,-27.768457,57.526355,-13.833805,28.773608,-0.091400,-0.077533,1.361601
1565428472143570222!,thoughtful-ruddy-butterfly,1.330000,-1.081736,2.183464,-0.982563,0.185924,-0.491161,0.093601,46.216445,64.083894,11.802835,62.375348,5.939492,31.166875,-0.343370,-0.330255,0.211868
1565428472143570222!,thoughtful-ruddy-butterfly,1.340000,-0.541255,2.721232,-0.687105,0.726557,-0.343168,0.363642,60.634337,41.305945,44.894558,42.456836,22.462881,21.198183,-0.550428,-0.540338,-1.367717
1565428472143570222!,thoughtful-ruddy-butterfly,1.350000,0.036719,2.980078,-0.149479,0.988764,-0.074287,0.494451,53.358599,9.434142,58.947447,8.911556,29.474894,4.428366,-0.498516,-0.492358,-2.624272
1565428472143570222!,thoughtful-ruddy-butterfly,1.360000,0.451037,2.905166,0.424687,0.905340,0.212753,0.452478,28.272289,-24.236517,52.343076,-24.553676,26.163497,-12.301926,-0.071455,-0.068947,-2.788604
1565428472143570222!,thoughtful-ruddy-butterfly,1.370000,0.585343,2.510736,0.849115,0.528207,0.424824,0.263676,-2.047176,-52.728187,30.136748,-48.446177,15.048171,-24.245018,0.222960,0.222758,-1.557154
1565428472143570222!,thoughtful-ruddy-butterfly,1.380000,0.451641,1.908782,0.999893,-0.014605,0.499938,-0.007895,-25.526320,-64.314451,-0.836658,-57.276788,-0.452423,-28.647868,-0.133319,-0.134192,0.631240
1565428472143570222!,thoughtful-ruddy-butterfly,1.390000,0.145595,1.325624,0.833647,-0.552296,0.416443,-0.276723,-36.097907,-49.205747,-31.477589,-47.512905,-15.776122,-23.741643,-0.413779,-0.412372,2.325043
1565428472143570222!,thoughtful-ruddy-butterfly,1.400000,-0.201368,0.991695,0.406166,-0.913798,0.202386,-0.457209,-32.190098,-16.738263,-51.532950,-22.905404,-25.787830,-11.415153,-0.108395,-0.103384,2.564312
1565428472143570222!,thoughtful-ruddy-butterfly,1.410000,-0.462451,0.986839,-0.150261,-0.988645,-0.075911,-0.494204,-17.792691,14.755897,-56.666561,8.612575,-28.326131,4.350957,0.220985,0.229495,2.212167
1565428472143570222!,thoughtful-ruddy-butterfly,1.420000,-0.540114,1.254171,-0.670898,-0.741548,-0.336017,-0.370260,4.155519,36.757469,-44.125464,39.921419,-22.028158,19.990941,0.276915,0.288454,2.006839
1565428472143570222!,thoughtful-ruddy-butterfly,1.430000,-0.362634,1.676765,-0.973759,-0.227579,-0.487038,-0.113109,32.213887,45.124472,-14.013214,59.959244,-6.962675,29.980633,0.139201,0.152239,1.812895
1565428472143570222!,thoughtful-ruddy-butterfly,1.440000,0.097616,2.100189,-0.924528,0.381113,-0.462033,0.191116,59.414205,36.629867,23.823191,57.791884,11.943161,28.873189,-0.097014,-0.084966,1.208840
1565428472143570222!,thoughtful-ruddy-butterfly,1.450000,0.765948,2.371802,-0.529675,0.848200,-0.264385,0.424383,73.919953,14.598170,52.519248,32.796650,26.273333,16.367945,-0.374322,-0.365381,-0.056925
1565428472143570222!,thoughtful-ruddy-butterfly,1.460000,1.479614,2.398944,0.051599,0.998667,0.026309,0.499307,66.566324,-9.801751,59.994548,-3.099794,29.997225,-1.580558,-0.561516,-0.556397,-1.600510
1565428472143570222!,thoughtful-ruddy-butterfly,1.470000,2.012333,2.215825,0.598933,0.800799,0.299903,0.400073,38.293716,-26.608579,46.391682,-34.697240,23.182521,-17.378122,-0.437391,-0.435162,-2.665860
1565428472143570222!,thoughtful-ruddy-butterfly,1.480000,2.194710,1.903631,0.937395,0.348266,0.468916,0.173544,-2.440031,-34.974133,19.618628,-52.805750,9.779593,-26.424477,0.031105,0.031997,-2.595217
1565428472143570222!,thoughtful-ruddy-butterfly,1.490000,1.970706,1.531497,0.978727,-0.205160,0.489214,-0.103295,-41.402488,-37.602503,-11.466609,-54.701878,-5.775368,-27.352597,0.244003,0.244678,-1.212629
1565428472143570222!,thoughtful-ruddy-butterfly,1.500000,1.443057,1.170735,0.719989,-0.693983,0.359421,-0.347587,-62.884166,-31.332157,-39.092692,-40.557605,-19.585367,-20.252181,-0.164660,-0.162151,0.940313
1565428472143570222!,thoughtful-ruddy-butterfly,1.510000,0.830273,0.940111,0.239950,-0.970784,0.119110,-0.485606,-58.144325,-12.325988,-54.465840,-13.462364,-27.247710,-6.683347,-0.365945,-0.359192,2.408090
1565428472143570222!,thoughtful-ruddy-butterfly,1.520000,0.364571,0.931993,-0.312442,-0.949935,-0.157082,-0.474684,-33.688938,10.485270,-52.995098,17.430561,-26.479776,8.762648,-0.032382,-0.021720,2.508263
1565428472143570222!,thoughtful-ruddy-butterfly,1.530000,0.176214,1.125408,-0.772139,-0.635451,-0.386625,-0.317051,-2.909951,26.066386,-36.213004,44.002547,-18.064546,22.028672,0.246448,0.259469,2.181226
1565428472143570222!,thoughtful-ruddy-butterfly,1.540000,0.301994,1.415806,-0.994227,-0.107287,-0.497200,-0.052837,28.111991,29.464930,-6.343889,58.788447,-3.123448,29.391637,0.249751,0.263599,1.988030
1565428472143570222!,thoughtful-ruddy-butterfly,1.550000,0.723382,1.667127,-0.881038,0.473044,-0.440173,0.237166,55.144322,18.199937,28.786764,53.615043,14.429085,26.779893,0.075711,0.088338,1.695896
1565428472143570222!,thoughtful-ruddy-butterfly,1.560000,1.359595,1.743141,-0.450597,0.892726,-0.224703,0.446664,70.000393,-4.978893,54.692423,27.605620,27.361154,13.764542,-0.179749,-0.170287,0.909821
1565428472143570222!,thoughtful-ruddy-butterfly,1.570000,2.051903,1.574103,0.139009,0.990290,0.070145,0.495055,65.950750,-29.250983,59.575692,-8.362764,29.783885,-4.220090,-0.438623,-0.433068,-0.441278
1565428472143570222!,thoughtful-ruddy-butterfly,1.580000,2.611212,1.215422,0.667395,0.744702,0.334203,0.371898,43.983496,-41.731158,43.267956,-38.776367,21.612455,-19.421861,-0.551302,-0.548678,-1.868571
1565428472143570222!,thoughtful-ruddy-butterfly,1.590000,2.887949,0.812155,0.964207,0.265147,0.482304,0.131845,10.301311,-38.007953,14.873112,-54.086250,7.398130,-27.063084,-0.316047,-0.314256,-2.637209
1565428472143570222!,thoughtful-ruddy-butterfly,1.600000,2.799774,0.497335,0.958776,-0.284157,0.479148,-0.142890,-27.751596,-23.985349,-15.595721,-52.621527,-7.844865,-26.305847,0.159903,0.162373,-2.286653
1565428472143570222!,thoughtful-ruddy-butterfly,1.610000,2.355981,0.331009,0.668992,-0.743267,0.333807,-0.372254,-59.045527,-8.105943,-40.814176,-36.735533,-20.445815,-18.334138,0.232881,0.236622,-0.771929
1565428472143570222!,thoughtful-ruddy-butterfly,1.620000,1.702047,0.314595,0.180598,-0.983555,0.089339,-0.491954,-69.050536,6.893662,-54.612585,-10.027808,-27.317920,-4.960938,-0.202185,-0.195334,1.259571
1565428472143570222!,thoughtful-ruddy-butterfly,1.630000,1.088268,0.443776,-0.363899,-0.931436,-0.182861,-0.465362,-51.432027,19.998881,-51.574659,20.149495,-25.764306,10.123906,-0.288727,-0.277554,2.418226
1565428472143570222!,thoughtful-ruddy-butterfly,1.640000,0.734888,0.682225,-0.799924,-0.600098,-0.400522,-0.299302,-18.408035,26.560009,-33.268612,44.346622,-16.588782,22.198901,0.049480,0.063220,2.400639
1565428472143570222!,thoughtful-ruddy-butterfly,1.650000,0.719588,0.945690,-0.996703,-0.081123,-0.498421,-0.039701,15.115294,23.764746,-4.618995,56.750083,-2.259876,28.371397,0.256402,0.270572,2.134598
1565428472143570222!,thoughtful-ruddy-butterfly,1.660000,1.014649,1.124848,-0.878052,0.478564,-0.438648,0.239975,42.561834,9.885899,28.243111,51.819507,14.159232,25.881572,0.205735,0.218579,1.967896
1565428472143570222!,thoughtful-ruddy-butterfly,1.670000,1.530940,1.110350,-0.456835,0.889550,-0.227767,0.445109,58.396726,-14.378021,53.734337,27.595634,26.884219,13.756942,0.006533,0.016418,1.603404
1565428472143570222!,thoughtful-ruddy-butterfly,1.680000,2.122994,0.836350,0.129032,0.991639,0.065223,0.495728,57.275193,-41.139350,59.872388,-7.790589,29.932050,-3.938183,-0.249709,-0.243591,0.707595
1565428472143570222!,thoughtful-ruddy-butterfly,1.690000,2.620996,0.337496,0.663597,0.748089,0.332354,0.373552,40.181062,-57.633225,44.070201,-39.092747,22.010446,-19.582968,-0.476854,-0.473898,-0.659884
1565428472143570222!,thoughtful-ruddy-butterfly,1.700000,2.901797,-0.233443,0.964586,0.263763,0.482507,0.131099,14.883958,-55.040386,14.964625,-54.726092,7.440149,-27.383240,-0.522939,-0.521148,-1.954305
1565428472143570222!,thoughtful-ruddy-butterfly,1.710000,2.917443,-0.686972,0.957667,-0.287871,0.478576,-0.144794,-12.121237,-34.503396,-15.796382,-52.550086,-7.947586,-26.268538,-0.228361,-0.225390,-2.539879
1565428472143570222!,thoughtful-ruddy-butterfly,1.720000,2.663866,-0.888219,0.669135,-0.743138,0.333848,-0.372217,-37.851763,-5.071303,-40.109672,-36.115454,-20.093710,-18.022358,0.225532,0.230594,-2.087010
1565428472143570222!,thoughtful-ruddy-butterfly,1.730000,2.182043,-0.805218,0.189855,-0.981810,0.093936,-0.491097,-56.173359,21.819130,-53.325213,-10.311614,-26.674498,-5.102221,0.232481,0.239578,-0.589384
1565428472143570222!,thoughtful-ruddy-butterfly,1.740000,1.605617,-0.507421,-0.347560,-0.937656,-0.174727,-0.468477,-55.850354,38.258767,-51.639200,19.141016,-25.797286,9.621574,-0.187184,-0.176874,1.313343
1565428472143570222!,thoughtful-ruddy-butterfly,1.750000,1.148286,-0.111458,-0.786668,-0.617373,-0.393931,-0.307926,-33.320154,40.715122,-34.003184,43.327480,-16.955224,21.690880,-0.234829,-0.221226,2.346353
1565428472143570222!,thoughtful-ruddy-butterfly,1.760000,0.972789,0.252488,-0.993690,-0.112149,-0.496945,-0.055187,-1.695981,30.685057,-6.211753,55.038535,-3.055816,27.516702,0.076877,0.091335,2.338626
1565428472143570222!,thoughtful-ruddy-butterfly,1.770000,1.099146,0.475765,-0.900438,0.434981,-0.449863,0.218228,25.592427,12.025399,24.790975,51.318952,12.434815,25.633527,0.242322,0.255436,2.135601
1565428472143570222!,thoughtful-ruddy-butterfly,1.780000,1.448236,0.473059,-0.514466,0.857509,-0.256575,0.429149,41.951347,-13.768937,50.594083,30.354139,25.317860,15.136752,0.168973,0.179335,2.000213
1565428472143570222!,thoughtful-ruddy-butterfly,1.790000,1.885841,0.191301,0.055940,0.998433,0.028721,0.499174,42.756237,-42.765589,60.133208,-3.369115,30.065518,-1.729871,-0.033655,-0.026793,1.637837
1565428472143570222!,thoughtful-ruddy-butterfly,1.800000,2.251503,-0.351965,0.610813,0.791773,0.306025,0.395409,27.679800,-65.131258,47.525094,-36.663220,23.738293,-18.372155,-0.275966,-0.272283,0.755012
1565428472143570222!,thoughtful-ruddy-butterfly,1.810000,2.418108,-1.040680,0.948719,0.316116,0.474626,0.157257,4.364116,-70.707659,18.469868,-55.431351,9.190562,-27.738472,-0.477596,-0.475616,-0.562691
1565428472143570222!,thoughtful-ruddy-butterfly,1.820000,2.360192,-1.685292,0.968533,-0.248878,0.484038,-0.125330,-16.041116,-56.416129,-13.985068,-54.424143,-7.044396,-27.206239,-0.508327,-0.505746,-1.807189
1565428472143570222!,thoughtful-ruddy-butterfly,1.830000,2.135720,-2.106064,0.693103,-0.720836,0.345841,-0.361101,-28.518090,-26.569446,-39.174645,-37.667484,-19.627753,-18.798259,-0.231989,-0.226728,-2.415396
1565428472143570222!,thoughtful-ruddy-butterfly,1.840000,1.813324,-2.187774,0.223152,-0.974782,0.110581,-0.487618,-35.037331,10.510555,-52.163978,-11.941624,-26.094674,-5.917703,0.211914,0.220143,-2.099953
1565428472143570222!,thoughtful-ruddy-butterfly,1.850000,1.445345,-1.914051,-0.307771,-0.951458,-0.154850,-0.475417,-36.662649,43.248834,-51.298371,16.593607,-25.629246,8.347828,0.283724,0.293993,-0.809838
1565428472143570222!,thoughtful-ruddy-butterfly,1.860000,1.103392,-1.394266,-0.755172,-0.655524,-0.378222,-0.327029,-28.789448,59.469249,-35.960788,41.427228,-17.935844,20.743539,-0.102973,-0.090546,1.000592
1565428472143570222!,thoughtful-ruddy-butterfly,1.870000,0.901323,-0.825587,-0.986338,-0.164725,-0.493317,-0.081475,-9.616206,52.830984,-9.079303,54.364575,-4.489322,27.182165,-0.228437,-0.214322,2.172895
1565428472143570222!,thoughtful-ruddy-butterfly,1.880000,0.913238,-0.408075,-0.925751,0.378130,-0.462564,0.189828,11.565362,29.340113,20.957924,51.309994,10.518719,25.631523,0.034918,0.048295,2.319392
1565428472143570222!,thoughtful-ruddy-butterfly,1.890000,1.106700,-0.258590,-0.581775,0.813349,-0.290257,0.407125,24.953164,-0.498730,46.290330,33.110704,23.168892,16.518058,0.213132,0.223866,2.173761
1565428472143570222!,thoughtful-ruddy-butterfly,1.900000,1.371039,-0.417008,-0.041229,0.999149,-0.019848,0.499606,25.378115,-30.986659,58.886707,2.429924,29.447542,1.169849,0.163335,0.170749,2.094254
1565428472143570222!,thoughtful-ruddy-butterfly,1.910000,1.563783,-0.860849,0.527348,0.849648,0.264356,0.424400,10.695680,-56.425459,51.285356,-31.831099,25.622324,-15.959987,-0.016998,-0.012570,1.861087
1565428472143570222!,thoughtful-ruddy-butterfly,1.920000,1.551012,-1.497057,0.916655,0.399675,0.458675,0.199041,-14.937952,-68.509122,24.168309,-55.430148,12.039061,-27.743138,-0.235346,-0.232669,1.176007
1565428472143570222!,thoughtful-ruddy-butterfly,1.930000,1.276784,-2.163976,0.982599,-0.185730,0.491125,-0.093789,-40.101865,-62.459959,-10.987808,-58.130400,-5.549731,-29.061146,-0.428731,-0.426003,0.004994
1565428472143570222!,thoughtful-ruddy-butterfly,1.940000,0.808113,-2.692393,0.719634,-0.694351,0.359128,-0.347889,-52.629761,-41.582049,-39.562827,-41.003406,-19.824192,-20.464645,-0.509793,-0.505087,-1.284996
1565428472143570222!,thoughtful-ruddy-butterfly,1.950000,0.298174,-2.969713,0.240965,-0.970532,0.119503,-0.485509,-48.155453,-13.085310,-53.296100,-13.232418,-26.660182,-6.562103,-0.354173,-0.346076,-2.162431
1565428472143570222!,thoughtful-ruddy-butterfly,1.960000,-0.102651,-2.945589,-0.296563,-0.955011,-0.149222,-0.477214,-30.991416,17.914847,-51.315132,15.935018,-25.636677,8.016446,0.046741,0.058072,-2.275713
1565428472143570222!,thoughtful-ruddy-butterfly,1.970000,-0.307613,-2.619484,-0.744377,-0.667757,-0.372805,-0.333191,-9.192524,45.979031,-35.887429,40.005153,-17.901452,20.029773,0.326671,0.339444,-1.483131
1565428472143570222!,thoughtful-ruddy-butterfly,1.980000,-0.305821,-2.070423,-0.982122,-0.188238,-0.491220,-0.093292,10.557508,61.189211,-10.291990,53.697631,-5.099153,26.849166,0.099251,0.112124,0.103151
1565428472143570222!,thoughtful-ruddy-butterfly,1.990000,-0.136374,-1.481078,-0.935946,0.352139,-0.467704,0.176785,24.156893,53.836475,19.489406,51.800713,9.781800,25.878869,-0.217206,-0.204840,1.654185
1565428472143570222!,thoughtful-ruddy-butterfly,2.000000,0.124891,-1.067865,-0.610466,0.792041,-0.304671,0.396454,27.568721,27.396229,43.945929,33.871337,21.994604,16.902658,,,
