ID,System,t,X,Y,X1,Y1,dX,dY,dX1,dY1,U1,U2,U3
1838368422613914222!,great-mauve-beetle,0.000000,1.382094,0.434754,1.085175,-1.035566,0.000000,0.000000,0.000000,0.000000,0.046723,0.235241,-0.428229
1838368422613914222!,great-mauve-beetle,0.010000,1.376987,0.429256,1.079928,-1.041035,-1.018396,-1.096183,-1.050459,-1.089704,-0.117645,0.052964,-0.521199
1838368422613914222!,great-mauve-beetle,0.020000,1.354827,0.413782,1.063631,-1.057681,-3.410715,-1.991301,-2.215389,-2.227851,-0.125570,0.116307,-0.509727
1838368422613914222!,great-mauve-beetle,0.030000,1.311498,0.389246,1.035582,-1.085159,-5.255726,-2.899727,-3.402046,-3.246620,-0.138810,0.131953,-0.473512
1838368422613914222!,great-mauve-beetle,0.040000,1.251502,0.356160,0.995698,-1.121867,-6.735374,-3.689072,-4.577346,-4.062564,-0.153686,0.128324,-0.428808
1838368422613914222!,great-mauve-beetle,0.050000,1.178063,0.316044,0.944126,-1.165601,-7.935867,-4.293427,-5.730483,-4.641635,-0.168272,0.119534,-0.383991
1838368422613914222!,great-mauve-beetle,0.060000,1.093783,0.270892,0.881090,-1.213952,-8.897640,-4.684514,-6.856985,-4.976822,-0.181652,0.111599,-0.342900
1838368422613914222!,great-mauve-beetle,0.070000,1.000971,0.222887,0.806868,-1.264501,-9.642096,-4.853732,-7.952232,-5.074257,-0.193402,0.106558,-0.307183
1838368422613914222!,great-mauve-beetle,0.080000,0.901758,0.174247,0.721796,-1.314918,-10.184827,-4.803588,-9.009576,-4.945614,-0.203340,0.104661,-0.277417
1838368422613914222!,great-mauve-beetle,0.090000,0.798123,0.127130,0.626292,-1.362996,-10.540842,-4.544053,-10.019923,-4.604122,-0.211459,0.105386,-0.253533
1838368422613914222!,great-mauve-beetle,0.100000,0.691888,0.083571,0.520896,-1.406651,-10.725427,-4.090998,-10.971319,-4.062784,-0.217900,0.107897,-0.234951
1838368422613914222!,great-mauve-beetle,0.110000,0.584696,0.045429,0.406302,-1.443925,-10.752949,-3.465228,-11.848460,-3.334008,-0.222937,0.111233,-0.220678
1838368422613914222!,great-mauve-beetle,0.120000,0.478055,0.014316,0.283352,-1.472994,-10.635517,-2.691383,-12.632230,-2.429994,-0.226942,0.114421,-0.209431
1838368422613914222!,great-mauve-beetle,0.130000,0.373361,-0.008425,0.153103,-1.492166,-10.382030,-1.797654,-13.299380,-1.364579,-0.230332,0.116534,-0.199798
1838368422613914222!,great-mauve-beetle,0.140000,0.271937,-0.021750,0.016871,-1.499905,-9.998208,-0.815507,-13.823175,-0.155483,-0.233520,0.116746,-0.190407
1838368422613914222!,great-mauve-beetle,0.150000,0.175057,-0.024949,-0.123746,-1.494887,-9.487689,0.220569,-14.175127,1.173414,-0.236861,0.114378,-0.180071
1838368422613914222!,great-mauve-beetle,0.160000,0.083964,-0.017674,-0.266862,-1.476071,-8.853963,1.273592,-14.327812,2.590359,-0.240624,0.108941,-0.167909
1838368422613914222!,great-mauve-beetle,0.170000,-0.000199,0.000057,-0.410304,-1.442793,-8.102159,2.305028,-14.258832,4.054954,-0.244965,0.100140,-0.153403
1838368422613914222!,great-mauve-beetle,0.180000,-0.076312,0.027822,-0.551759,-1.394834,-7.242463,3.276847,-13.953829,5.519763,-0.249926,0.087951,-0.136418
1838368422613914222!,great-mauve-beetle,0.190000,-0.143381,0.064830,-0.688834,-1.332482,-6.291010,4.153430,-13.410084,6.932424,-0.255446,0.072599,-0.117185
1838368422613914222!,great-mauve-beetle,0.200000,-0.200608,0.109958,-0.819185,-1.256557,-5.270368,4.904119,-12.638701,8.239524,-0.261370,0.054541,-0.096241
1838368422613914222!,great-mauve-beetle,0.210000,-0.247451,0.161810,-0.940657,-1.168403,-4.208836,5.505679,-11.665055,9.391292,-0.267486,0.034431,-0.074344
1838368422613914222!,great-mauve-beetle,0.220000,-0.283674,0.218810,-1.051424,-1.069817,-3.138601,5.944197,-10.527294,10.346297,-0.273544,0.013070,-0.052380
1838368422613914222!,great-mauve-beetle,0.230000,-0.309372,0.279297,-1.150099,-0.962950,-2.093072,6.216019,-9.273080,11.075299,-0.279292,-0.008664,-0.031262
1838368422613914222!,great-mauve-beetle,0.240000,-0.324967,0.341628,-1.235808,-0.850165,-1.103901,6.327507,-7.955097,11.563608,-0.284501,-0.029881,-0.011840
1838368422613914222!,great-mauve-beetle,0.250000,-0.331176,0.404273,-1.308210,-0.733885,-0.198227,6.293671,-6.626119,11.811589,-0.288978,-0.049745,0.005165
1838368422613914222!,great-mauve-beetle,0.260000,-0.328952,0.465893,-1.367475,-0.616452,0.603400,6.135943,-5.334431,11.833365,-0.292589,-0.067537,0.019213
1838368422613914222!,great-mauve-beetle,0.270000,-0.319409,0.525385,-1.414216,-0.499992,1.288128,5.879493,-4.120276,11.654112,-0.295255,-0.082694,0.029965
1838368422613914222!,great-mauve-beetle,0.280000,-0.303747,0.581910,-1.449396,-0.386330,1.850923,5.550562,-3.013703,11.306529,-0.296952,-0.094835,0.037283
1838368422613914222!,great-mauve-beetle,0.290000,-0.283171,0.634888,-1.474215,-0.276931,2.293820,5.174163,-2.033873,10.827119,-0.297710,-0.103770,0.041214
1838368422613914222!,great-mauve-beetle,0.300000,-0.258810,0.684015,-1.490013,-0.172805,2.624761,4.772491,-1.189071,10.252755,-0.297598,-0.109482,0.041962
1838368422613914222!,great-mauve-beetle,0.310000,-0.231688,0.729161,-1.498142,-0.074640,2.855623,4.363684,-0.479181,9.617940,-0.296712,-0.112110,0.039839
1838368422613914222!,great-mauve-beetle,0.320000,-0.202717,0.770314,-1.499902,0.017114,3.000554,3.961525,0.102160,8.953236,-0.295167,-0.111935,0.035234
1838368422613914222!,great-mauve-beetle,0.330000,-0.172667,0.807580,-1.496509,0.102283,3.074699,3.575821,0.566210,8.284250,-0.293085,-0.109326,0.028580
1838368422613914222!,great-mauve-beetle,0.340000,-0.142164,0.841146,-1.489050,0.180919,3.093025,3.212872,0.927191,7.631243,-0.290591,-0.104706,0.020328
1838368422613914222!,great-mauve-beetle,0.350000,-0.111691,0.871248,-1.478467,0.253249,3.069474,2.876110,1.200628,7.009275,-0.287805,-0.098515,0.010914
1838368422613914222!,great-mauve-beetle,0.360000,-0.081602,0.898147,-1.465551,0.319627,3.016430,2.566776,1.402058,6.428710,-0.284836,-0.091182,0.000743
1838368422613914222!,great-mauve-beetle,0.370000,-0.052138,0.922109,-1.450940,0.380490,2.944449,2.284558,1.546126,5.895913,-0.281780,-0.083103,-0.009827
1838368422613914222!,great-mauve-beetle,0.380000,-0.023444,0.943392,-1.435139,0.436322,2.862194,2.028129,1.646012,5.414012,-0.278717,-0.074626,-0.020492
1838368422613914222!,great-mauve-beetle,0.390000,0.004422,0.962248,-1.418518,0.487653,2.776533,1.795574,1.713237,4.983575,-0.275712,-0.066035,-0.031007
1838368422613914222!,great-mauve-beetle,0.400000,0.031478,0.978918,-1.401337,0.535027,2.692710,1.584666,1.757528,4.603299,-0.272814,-0.057556,-0.041185
1838368422613914222!,great-mauve-beetle,0.410000,0.057760,0.993602,-1.383781,0.578922,2.614544,1.393063,1.786729,4.270771,-0.270060,-0.049365,-0.050884
1838368422613914222!,great-mauve-beetle,0.420000,0.083335,1.006477,-1.365966,0.619788,2.544668,1.218493,1.807129,3.982774,-0.267472,-0.041588,-0.060010
1838368422613914222!,great-mauve-beetle,0.430000,0.108291,1.017698,-1.347953,0.658044,2.484764,1.058824,1.823662,3.735635,-0.265066,-0.034306,-0.068507
1838368422613914222!,great-mauve-beetle,0.440000,0.132732,1.027402,-1.329763,0.694069,2.435774,0.912092,1.840127,3.525488,-0.262846,-0.027559,-0.076350
1838368422613914222!,great-mauve-beetle,0.450000,0.156764,1.035705,-1.311379,0.728207,2.398080,0.776499,1.859393,3.348455,-0.260813,-0.021360,-0.083540
1838368422613914222!,great-mauve-beetle,0.460000,0.180501,1.042708,-1.292764,0.760764,2.371663,0.650412,1.883591,3.200779,-0.258958,-0.015699,-0.090096
1838368422613914222!,great-mauve-beetle,0.470000,0.204051,1.048495,-1.273859,0.792013,2.356220,0.532341,1.914281,3.078895,-0.257275,-0.010551,-0.096051
1838368422613914222!,great-mauve-beetle,0.480000,0.227522,1.053138,-1.254593,0.822190,2.351265,0.420929,1.952584,2.979478,-0.255751,-0.005880,-0.101444
1838368422613914222!,great-mauve-beetle,0.490000,0.251016,1.056693,-1.234884,0.851506,2.356197,0.314931,1.999302,2.899457,-0.254373,-0.001645,-0.106322
1838368422613914222!,great-mauve-beetle,0.500000,0.274634,1.059212,-1.214639,0.880143,2.370360,0.213187,2.054995,2.835993,-0.253127,0.002198,-0.110733
1838368422613914222!,great-mauve-beetle,0.510000,0.298464,1.060738,-1.193765,0.908253,2.393066,0.114617,2.120040,2.786480,-0.252002,0.005687,-0.114722
1838368422613914222!,great-mauve-beetle,0.520000,0.322589,1.061295,-1.172166,0.935963,2.423640,0.018249,2.194707,2.748572,-0.250985,0.008866,-0.118334
1838368422613914222!,great-mauve-beetle,0.530000,0.347085,1.060895,-1.149741,0.963377,2.461427,-0.076811,2.279207,2.720118,-0.250063,0.011772,-0.121612
1838368422613914222!,great-mauve-beetle,0.540000,0.372034,1.059538,-1.126381,0.990589,2.505820,-0.171389,2.373735,2.699129,-0.249224,0.014446,-0.124598
1838368422613914222!,great-mauve-beetle,0.550000,0.397456,1.057261,-1.102020,1.017621,2.556173,-0.266435,2.478182,2.683718,-0.248463,0.016888,-0.127311
1838368422613914222!,great-mauve-beetle,0.560000,0.423425,1.054035,-1.076544,1.044534,2.611920,-0.362535,2.592698,2.672153,-0.247769,0.019143,-0.129791
1838368422613914222!,great-mauve-beetle,0.570000,0.449993,1.049844,-1.049853,1.071359,2.672533,-0.460369,2.717333,2.662787,-0.247134,0.021233,-0.132066
1838368422613914222!,great-mauve-beetle,0.580000,0.477205,1.044667,-1.021843,1.098106,2.737519,-0.560580,2.852117,2.654038,-0.246551,0.023178,-0.134160
1838368422613914222!,great-mauve-beetle,0.590000,0.505101,1.038475,-0.992414,1.124773,2.806411,-0.663774,2.997050,2.644369,-0.246014,0.024992,-0.136090
1838368422613914222!,great-mauve-beetle,0.600000,0.533706,1.031241,-0.961479,1.151329,2.878745,-0.770553,3.152048,2.632288,-0.245520,0.026679,-0.137870
1838368422613914222!,great-mauve-beetle,0.610000,0.563051,1.022924,-0.928938,1.177741,2.954084,-0.881431,3.317028,2.616291,-0.245065,0.028251,-0.139514
1838368422613914222!,great-mauve-beetle,0.620000,0.593165,1.013479,-0.894691,1.203964,3.032015,-0.996905,3.491855,2.594872,-0.244646,0.029714,-0.141032
1838368422613914222!,great-mauve-beetle,0.630000,0.624073,1.002858,-0.858640,1.229934,3.112133,-1.117454,3.676328,2.566513,-0.244259,0.031072,-0.142432
1838368422613914222!,great-mauve-beetle,0.640000,0.655795,0.991007,-0.820689,1.255576,3.194044,-1.243538,3.870159,2.529673,-0.243905,0.032325,-0.143717
1838368422613914222!,great-mauve-beetle,0.650000,0.688349,0.977867,-0.780745,1.280796,3.277356,-1.375597,4.072958,2.482785,-0.243581,0.033471,-0.144891
1838368422613914222!,great-mauve-beetle,0.660000,0.721747,0.963377,-0.738720,1.305486,3.361676,-1.514049,4.284208,2.424253,-0.243289,0.034504,-0.145951
1838368422613914222!,great-mauve-beetle,0.670000,0.755998,0.947471,-0.694532,1.329521,3.446603,-1.659291,4.503244,2.352461,-0.243029,0.035418,-0.146894
1838368422613914222!,great-mauve-beetle,0.680000,0.791191,0.930063,-0.648005,1.352808,3.531925,-1.811574,4.729501,2.265467,-0.242798,0.036236,-0.147733
1838368422613914222!,great-mauve-beetle,0.690000,0.827216,0.911103,-0.599210,1.375117,3.616978,-1.971559,4.961634,2.162042,-0.242604,0.036886,-0.148427
1838368422613914222!,great-mauve-beetle,0.700000,0.864071,0.890510,-0.548089,1.396280,3.701298,-2.139440,5.198374,2.040545,-0.242450,0.037365,-0.148974
1838368422613914222!,great-mauve-beetle,0.710000,0.901753,0.868205,-0.494599,1.416112,3.784419,-2.315411,5.438242,1.899390,-0.242337,0.037665,-0.149367
1838368422613914222!,great-mauve-beetle,0.720000,0.940251,0.844104,-0.438712,1.434410,3.865862,-2.499650,5.679515,1.737072,-0.242266,0.037773,-0.149597
1838368422613914222!,great-mauve-beetle,0.730000,0.979549,0.818125,-0.380423,1.450958,3.945134,-2.692291,5.920217,1.552207,-0.242241,0.037672,-0.149650
1838368422613914222!,great-mauve-beetle,0.740000,1.019625,0.790183,-0.319745,1.465525,4.021724,-2.893410,6.158106,1.343563,-0.242266,0.037343,-0.149516
1838368422613914222!,great-mauve-beetle,0.750000,1.060453,0.760193,-0.256719,1.477869,4.095110,-3.103006,6.390676,1.110116,-0.242342,0.036767,-0.149181
1838368422613914222!,great-mauve-beetle,0.760000,1.102000,0.728072,-0.191409,1.487737,4.164759,-3.320979,6.615168,0.851093,-0.242473,0.035924,-0.148633
1838368422613914222!,great-mauve-beetle,0.770000,1.144229,0.693737,-0.123912,1.494873,4.230144,-3.547119,6.828590,0.566030,-0.242662,0.034794,-0.147861
1838368422613914222!,great-mauve-beetle,0.780000,1.187095,0.657109,-0.054354,1.499015,4.290750,-3.781083,7.027758,0.254824,-0.242910,0.033360,-0.146858
1838368422613914222!,great-mauve-beetle,0.790000,1.230551,0.618114,0.017106,1.499902,4.346095,-4.022383,7.209340,-0.082221,-0.243216,0.031605,-0.145618
1838368422613914222!,great-mauve-beetle,0.800000,1.274544,0.576682,0.090274,1.497281,4.395751,-4.270369,7.369930,-0.444345,-0.243581,0.029519,-0.144144
1838368422613914222!,great-mauve-beetle,0.810000,1.319018,0.532752,0.164921,1.490906,4.439371,-4.524222,7.506125,-0.830312,-0.244001,0.027096,-0.142443
1838368422613914222!,great-mauve-beetle,0.820000,1.363914,0.486272,0.240786,1.480548,4.476716,-4.782951,7.614621,-1.238391,-0.244471,0.024337,-0.140531
1838368422613914222!,great-mauve-beetle,0.830000,1.409171,0.437201,0.317576,1.465996,4.507687,-5.045396,7.692316,-1.666371,-0.244983,0.021250,-0.138433
1838368422613914222!,great-mauve-beetle,0.840000,1.454728,0.385509,0.394966,1.447067,4.532358,-5.310244,7.736422,-2.111600,-0.245525,0.017855,-0.136188
1838368422613914222!,great-mauve-beetle,0.850000,1.500527,0.331181,0.472608,1.423602,4.551006,-5.576054,7.744573,-2.571048,-0.246082,0.014184,-0.133846
1838368422613914222!,great-mauve-beetle,0.860000,1.546514,0.274218,0.550131,1.395477,4.564132,-5.841296,7.714924,-3.041413,-0.246635,0.010280,-0.131471
1838368422613914222!,great-mauve-beetle,0.870000,1.592640,0.214632,0.627151,1.362601,4.572484,-6.104397,7.646226,-3.519254,-0.247162,0.006201,-0.129142
1838368422613914222!,great-mauve-beetle,0.880000,1.638866,0.152456,0.703273,1.324918,4.577056,-6.363805,7.537882,-4.001147,-0.247634,0.002017,-0.126954
1838368422613914222!,great-mauve-beetle,0.890000,1.685164,0.087732,0.778102,1.282403,4.579085,-6.618048,7.389954,-4.483877,-0.248020,-0.002188,-0.125015
1838368422613914222!,great-mauve-beetle,0.900000,1.731519,0.020518,0.851246,1.235063,4.580021,-6.865800,7.203130,-4.964633,-0.248286,-0.006320,-0.123448
1838368422613914222!,great-mauve-beetle,0.910000,1.777932,-0.049117,0.922324,1.182928,4.581488,-7.105936,6.978634,-5.441210,-0.248391,-0.010275,-0.122389
1838368422613914222!,great-mauve-beetle,0.920000,1.824418,-0.121096,0.990970,1.126046,4.585219,-7.337573,6.718084,-5.912208,-0.248294,-0.013943,-0.121983
1838368422613914222!,great-mauve-beetle,0.930000,1.871010,-0.195337,1.056835,1.064472,4.592978,-7.560080,6.423290,-6.377206,-0.247950,-0.017214,-0.122383
1838368422613914222!,great-mauve-beetle,0.940000,1.917757,-0.271752,1.119589,0.998259,4.606457,-7.773056,6.096001,-6.836917,-0.247310,-0.019977,-0.123752
1838368422613914222!,great-mauve-beetle,0.950000,1.964721,-0.350252,1.178917,0.927446,4.627150,-7.976257,5.737600,-7.293312,-0.246326,-0.022124,-0.126257
1838368422613914222!,great-mauve-beetle,0.960000,2.011976,-0.430747,1.234513,0.852043,4.656184,-8.169459,5.348745,-7.749717,-0.244945,-0.023552,-0.130076
1838368422613914222!,great-mauve-beetle,0.970000,2.059604,-0.513144,1.286073,0.772021,4.694092,-8.352243,4.928945,-8.210887,-0.243107,-0.024159,-0.135398
1838368422613914222!,great-mauve-beetle,0.980000,2.107683,-0.597342,1.333276,0.687296,4.740481,-8.523669,4.476066,-8.683064,-0.240751,-0.023838,-0.142431
1838368422613914222!,great-mauve-beetle,0.990000,2.156282,-0.683226,1.375769,0.597711,4.793523,-8.681799,3.985708,-9.174025,-0.237803,-0.022472,-0.151411
1838368422613914222!,great-mauve-beetle,1.000000,2.205440,-0.770651,1.413139,0.503028,4.849156,-8.822998,3.450405,-9.693101,-0.234179,-0.019921,-0.162615
1838368422613914222!,great-mauve-beetle,1.010000,2.255138,-0.859421,1.444875,0.402908,4.899815,-8.940892,2.858561,-10.251130,-0.229778,-0.016006,-0.176377
1838368422613914222!,great-mauve-beetle,1.020000,2.305255,-0.949253,1.470324,0.296897,4.932374,-9.024799,2.192967,-10.860226,-0.224478,-0.010499,-0.193100
1838368422613914222!,great-mauve-beetle,1.030000,2.355500,-1.039723,1.488620,0.184417,4.924850,-9.057363,1.428778,-11.533118,-0.218128,-0.003120,-0.213284
1838368422613914222!,great-mauve-beetle,1.040000,2.405293,-1.130185,1.498601,0.064767,4.841141,-9.011006,0.530788,-12.281566,-0.210543,0.006445,-0.237537
1838368422613914222!,great-mauve-beetle,1.050000,2.453591,-1.219640,1.498682,-0.062856,4.622860,-8.842783,-0.549964,-13.112876,-0.201489,0.018444,-0.266592
1838368422613914222!,great-mauve-beetle,1.060000,2.498604,-1.306551,1.486704,-0.199276,4.177374,-8.487519,-1.879591,-14.022764,-0.190678,0.032832,-0.301301
1838368422613914222!,great-mauve-beetle,1.070000,2.537372,-1.388583,1.459747,-0.345163,3.362579,-7.850412,-3.542522,-14.981872,-0.177752,0.048745,-0.342557
1838368422613914222!,great-mauve-beetle,1.080000,2.565201,-1.462277,1.413974,-0.500677,1.974181,-6.803875,-5.634769,-15.913301,-0.162308,0.063676,-0.391074
1838368422613914222!,great-mauve-beetle,1.090000,2.575044,-1.522770,1.344613,-0.664843,-0.246348,-5.200198,-8.239310,-16.663616,-0.144038,0.072804,-0.446858
1838368422613914222!,great-mauve-beetle,1.100000,2.557197,-1.563787,1.246320,-0.834678,-3.550184,-2.916374,-11.375443,-16.985526,-0.123156,0.070269,-0.508166
1838368422613914222!,great-mauve-beetle,1.110000,2.500126,-1.578269,1.114376,-1.004074,-8.038116,0.077062,-14.941085,-16.582429,-0.100482,0.059357,-0.573189
1838368422613914222!,great-mauve-beetle,1.120000,2.392565,-1.559831,0.945631,-1.164381,-13.552121,3.623861,-18.691176,-15.179707,-0.082725,0.039791,-0.622032
1838368422613914222!,great-mauve-beetle,1.130000,2.226688,-1.504619,0.740067,-1.304722,-19.563315,7.400988,-22.255963,-12.624068,-0.080441,0.024768,-0.625950
1838368422613914222!,great-mauve-beetle,1.140000,2.001670,-1.413047,0.501671,-1.413622,-25.223407,10.952666,-25.215776,-8.948655,-0.106790,0.021369,-0.547345
1838368422613914222!,great-mauve-beetle,1.150000,1.725844,-1.292119,0.237788,-1.481032,-29.512148,13.819444,-27.203239,-4.367632,-0.166797,0.026284,-0.370725
1838368422613914222!,great-mauve-beetle,1.160000,1.419411,-1.146346,-0.038421,-1.499508,-31.546869,15.839121,-27.882894,0.714435,-0.238437,0.085292,-0.169911
1838368422613914222!,great-mauve-beetle,1.170000,1.106556,-0.986906,-0.314665,-1.466624,-30.971274,16.814946,-27.270477,5.850901,-0.302779,0.154349,0.007408
1838368422613914222!,great-mauve-beetle,1.180000,0.811468,-0.820816,-0.578872,-1.383802,-28.020530,16.907819,-25.492203,10.663907,-0.337765,0.233354,0.095989
1838368422613914222!,great-mauve-beetle,1.190000,0.554025,-0.656097,-0.821089,-1.255314,-23.477853,16.369549,-22.860514,14.952846,-0.341549,0.302166,0.094174
1838368422613914222!,great-mauve-beetle,1.200000,0.345701,-0.498107,-1.034013,-1.086654,-18.239955,15.425750,-19.626175,18.675428,-0.325734,0.347521,0.038806
1838368422613914222!,great-mauve-beetle,1.210000,0.189898,-0.350472,-1.212203,-0.883495,-13.010675,14.196720,-15.914834,21.836033,-0.304000,0.364818,-0.028771
1838368422613914222!,great-mauve-beetle,1.220000,0.084301,-0.216042,-1.351054,-0.651654,-8.223673,12.719779,-11.767811,24.397817,-0.284969,0.357449,-0.083686
1838368422613914222!,great-mauve-beetle,1.230000,0.023308,-0.097401,-1.446347,-0.397593,-4.103453,11.005722,-7.220926,26.267995,-0.271648,0.332997,-0.118480
1838368422613914222!,great-mauve-beetle,1.240000,-0.000271,0.003107,-1.494459,-0.128813,-0.744688,9.083198,-2.355801,27.331433,-0.263648,0.299520,-0.135821
1838368422613914222!,great-mauve-beetle,1.250000,0.005832,0.083636,-1.492867,0.146114,1.837081,7.014718,2.690720,27.491485,-0.259334,0.263388,-0.141752
1838368422613914222!,great-mauve-beetle,1.260000,0.034005,0.143134,-1.440621,0.417865,3.680626,4.889093,7.743291,26.695570,-0.257059,0.228646,-0.141916
1838368422613914222!,great-mauve-beetle,1.270000,0.077239,0.181499,-1.338611,0.676847,4.865650,2.801888,12.611692,24.942339,-0.255642,0.197299,-0.140182
1838368422613914222!,great-mauve-beetle,1.280000,0.129469,0.199526,-1.189612,0.913686,5.500574,0.834189,17.109748,22.276762,-0.254436,0.169949,-0.138580
1838368422613914222!,great-mauve-beetle,1.290000,0.185787,0.198673,-0.998187,1.119653,5.707676,-0.963479,21.066257,18.780880,-0.253226,0.146418,-0.137710
1838368422613914222!,great-mauve-beetle,1.300000,0.242583,0.180806,-0.770543,1.286959,5.604626,-2.582793,24.327967,14.565930,-0.252103,0.126069,-0.137185
1838368422613914222!,great-mauve-beetle,1.310000,0.297274,0.147594,-0.514313,1.409071,5.285430,-4.049030,26.761944,9.768154,-0.251330,0.108220,-0.136097
1838368422613914222!,great-mauve-beetle,1.320000,0.348022,0.100303,-0.238357,1.480941,4.807638,-5.411277,28.256670,4.547908,-0.251267,0.092140,-0.133242
1838368422613914222!,great-mauve-beetle,1.330000,0.393354,0.039672,0.047471,1.499249,4.186256,-6.724817,28.725822,-0.909545,-0.252331,0.076960,-0.127226
1838368422613914222!,great-mauve-beetle,1.340000,0.431769,-0.034058,0.332603,1.462660,3.397039,-8.030983,28.115159,-6.393274,-0.254968,0.061503,-0.116501
1838368422613914222!,great-mauve-beetle,1.350000,0.461226,-0.120898,0.606115,1.372088,2.387514,-9.336322,26.413166,-11.667915,-0.259606,0.044010,-0.099469
1838368422613914222!,great-mauve-beetle,1.360000,0.479288,-0.220702,0.857260,1.230896,1.105700,-10.607096,23.664163,-16.480943,-0.266686,0.022220,-0.074402
1838368422613914222!,great-mauve-beetle,1.370000,0.483082,-0.332786,1.076066,1.045027,-0.478166,-11.769631,19.981647,-20.575126,-0.276581,-0.006788,-0.039638
1838368422613914222!,great-mauve-beetle,1.380000,0.469669,-0.455594,1.254094,0.822951,-2.346534,-12.724855,15.559108,-23.710499,-0.289531,-0.046364,0.006160
1838368422613914222!,great-mauve-beetle,1.390000,0.436604,-0.586559,1.385270,0.575350,-4.418227,-13.374403,10.672112,-25.695224,-0.305524,-0.099769,0.063578
1838368422613914222!,great-mauve-beetle,1.400000,0.382611,-0.722279,1.466669,0.314455,-6.546817,-13.652674,5.664850,-26.421757,-0.324167,-0.169275,0.131880
1838368422613914222!,great-mauve-beetle,1.410000,0.308162,-0.858993,1.499063,0.053013,-8.537253,-13.555648,0.915920,-25.899628,-0.344539,-0.254849,0.208338
1838368422613914222!,great-mauve-beetle,1.420000,0.215811,-0.993293,1.487006,-0.197012,-10.179579,-13.155097,-3.215798,-24.272187,-0.365088,-0.352624,0.287625
1838368422613914222!,great-mauve-beetle,1.430000,0.110121,-1.122857,1.438304,-0.425771,-11.292393,-12.588622,-6.454947,-21.805586,-0.383612,-0.453632,0.361532
1838368422613914222!,great-mauve-beetle,1.440000,-0.003954,-1.246537,1.362396,-0.627596,-11.763430,-12.024732,-8.677469,-18.837182,-0.397242,-0.542446,0.418653
1838368422613914222!,great-mauve-beetle,1.450000,-0.119068,-1.365439,1.269719,-0.798632,-11.580281,-11.607602,-9.896267,-15.733762,-0.403342,-0.602766,0.448107
1838368422613914222!,great-mauve-beetle,1.460000,-0.229818,-1.481165,1.169086,-0.939807,-10.825384,-11.414760,-10.289437,-12.799681,-0.399529,-0.617665,0.439643
1838368422613914222!,great-mauve-beetle,1.470000,-0.331172,-1.595955,1.067438,-1.053839,-9.668027,-11.427965,-10.123152,-10.253785,-0.385078,-0.579609,0.389689
1838368422613914222!,great-mauve-beetle,1.480000,-0.420027,-1.711507,0.968915,-1.145078,-8.323323,-11.557166,-9.692027,-8.200965,-0.361433,-0.494093,0.303560
1838368422613914222!,great-mauve-beetle,1.490000,-0.495373,-1.828544,0.874928,-1.218401,-7.003583,-11.690114,-9.250869,-6.643008,-0.332259,-0.379980,0.195663
1838368422613914222!,great-mauve-beetle,1.500000,-0.557869,-1.947001,0.784828,-1.278298,-5.867198,-11.743249,-8.972230,-5.508621,-0.302415,-0.263205,0.085281
1838368422613914222!,great-mauve-beetle,1.510000,-0.610261,-2.065864,0.696104,-1.328699,-4.977485,-11.692355,-8.934139,-4.680585,-0.275649,-0.163466,-0.012773
1838368422613914222!,great-mauve-beetle,1.520000,-0.655485,-2.183958,0.605878,-1.372192,-4.313884,-11.549775,-9.147536,-4.039005,-0.253595,-0.089160,-0.092077
1838368422613914222!,great-mauve-beetle,1.530000,-0.695470,-2.300446,0.511663,-1.410036,-3.806408,-11.330080,-9.595411,-3.481907,-0.235873,-0.038349,-0.154118
1838368422613914222!,great-mauve-beetle,1.540000,-0.731185,-2.414423,0.411339,-1.442498,-3.369499,-11.023967,-10.258827,-2.925379,-0.220829,-0.002814,-0.205349
1838368422613914222!,great-mauve-beetle,1.550000,-0.762763,-2.524264,0.303285,-1.469019,-2.927261,-10.581974,-11.127884,-2.297399,-0.206696,0.025842,-0.252586
1838368422613914222!,great-mauve-beetle,1.560000,-0.789646,-2.628266,0.185496,-1.488486,-2.412071,-9.899438,-12.205086,-1.521001,-0.192043,0.053259,-0.301124
1838368422613914222!,great-mauve-beetle,1.570000,-0.810727,-2.723287,0.055886,-1.498959,-1.759256,-8.803845,-13.486711,-0.502830,-0.175767,0.082119,-0.354738
1838368422613914222!,great-mauve-beetle,1.580000,-0.824237,-2.804769,-0.088923,-1.497362,-0.896962,-7.006921,-14.932121,0.886763,-0.157098,0.110261,-0.415298
1838368422613914222!,great-mauve-beetle,1.590000,-0.827858,-2.862548,-0.247217,-1.479488,0.212172,-4.244448,-16.442125,2.747414,-0.134695,0.139400,-0.487094
1838368422613914222!,great-mauve-beetle,1.600000,-0.819081,-2.885935,-0.420151,-1.439956,1.562358,-0.148202,-17.798434,5.193237,-0.110034,0.154375,-0.562894
1838368422613914222!,great-mauve-beetle,1.610000,-0.795753,-2.860653,-0.604193,-1.372935,3.087107,5.422053,-18.693617,8.226568,-0.083334,0.161311,-0.643204
1838368422613914222!,great-mauve-beetle,1.620000,-0.757129,-2.772694,-0.793187,-1.273128,4.585463,12.272908,-18.796552,11.710671,-0.062621,0.156401,-0.703564
1838368422613914222!,great-mauve-beetle,1.630000,-0.704820,-2.612381,-0.977868,-1.137442,5.821601,19.737819,-17.859395,15.353876,-0.060448,0.151434,-0.709054
1838368422613914222!,great-mauve-beetle,1.640000,-0.643078,-2.378972,-1.147316,-0.966264,6.578291,26.755827,-15.805087,18.766530,-0.092531,0.149807,-0.613817
1838368422613914222!,great-mauve-beetle,1.650000,-0.579396,-2.084064,-1.291068,-0.763639,6.788615,32.098642,-12.755265,21.565048,-0.163762,0.147602,-0.402642
1838368422613914222!,great-mauve-beetle,1.660000,-0.513990,-1.749374,-1.399853,-0.538900,6.685495,34.811864,-8.986250,23.342798,-0.249402,0.188485,-0.156978
1838368422613914222!,great-mauve-beetle,1.670000,-0.450803,-1.403286,-1.469274,-0.302051,6.379943,34.503711,-4.940825,24.033763,-0.325571,0.229853,0.060572
1838368422613914222!,great-mauve-beetle,1.680000,-0.390110,-1.073633,-1.498671,-0.063140,6.161363,31.613372,-1.000865,23.756052,-0.366818,0.273711,0.174322
1838368422613914222!,great-mauve-beetle,1.690000,-0.329970,-0.780724,-1.490358,0.169801,6.137687,27.133737,2.599283,22.814103,-0.371130,0.308926,0.180423
1838368422613914222!,great-mauve-beetle,1.700000,-0.268677,-0.535347,-1.447979,0.391609,6.278055,22.096262,5.817513,21.510347,-0.351961,0.326374,0.120405
1838368422613914222!,great-mauve-beetle,1.710000,-0.205228,-0.339478,-1.375004,0.599470,6.483122,17.219848,8.725336,20.013279,-0.324509,0.324086,0.039611
1838368422613914222!,great-mauve-beetle,1.720000,-0.139627,-0.189691,-1.274111,0.791607,6.654934,12.865427,11.405857,18.357992,-0.298398,0.305785,-0.034187
1838368422613914222!,great-mauve-beetle,1.730000,-0.072652,-0.080209,-1.147341,0.966234,6.731893,9.143921,13.900976,16.506523,-0.277465,0.277647,-0.090804
1838368422613914222!,great-mauve-beetle,1.740000,-0.005450,-0.004821,-0.996555,1.121106,6.693626,6.032233,16.204868,14.404563,-0.262123,0.245577,-0.130132
1838368422613914222!,great-mauve-beetle,1.750000,0.060809,0.042149,-0.823841,1.253510,6.549627,3.447668,18.277486,12.012458,-0.251437,0.213883,-0.155760
1838368422613914222!,great-mauve-beetle,1.760000,0.125145,0.065445,-0.631778,1.360462,6.322727,1.286291,20.059908,9.315526,-0.244252,0.185068,-0.171569
1838368422613914222!,great-mauve-beetle,1.770000,0.186798,0.068750,-0.423552,1.438959,6.034416,-0.558374,21.485285,6.324111,-0.239649,0.160185,-0.180484
1838368422613914222!,great-mauve-beetle,1.780000,0.245389,0.054805,-0.203109,1.486185,5.691346,-2.188962,22.484279,3.072799,-0.237030,0.139221,-0.184269
1838368422613914222!,great-mauve-beetle,1.790000,0.300372,0.025304,0.024904,1.499793,5.281423,-3.690192,22.990377,-0.381756,-0.236091,0.121434,-0.183686
1838368422613914222!,great-mauve-beetle,1.800000,0.350919,-0.018820,0.255238,1.478125,4.776402,-5.123176,22.944227,-3.961933,-0.236742,0.105668,-0.178777
1838368422613914222!,great-mauve-beetle,1.810000,0.395861,-0.077107,0.482111,1.420411,4.136374,-6.522396,22.298413,-7.568451,-0.239051,0.090422,-0.169063
1838368422613914222!,great-mauve-beetle,1.820000,0.433622,-0.149284,0.699354,1.326991,3.318260,-7.893201,21.024409,-11.080340,-0.243183,0.073864,-0.153708
1838368422613914222!,great-mauve-beetle,1.830000,0.462238,-0.234984,0.900638,1.199521,2.287015,-9.212254,19.121573,-14.357070,-0.249353,0.053847,-0.131667
1838368422613914222!,great-mauve-beetle,1.840000,0.479506,-0.333481,1.079809,1.041159,1.028065,-10.432401,16.627338,-17.244575,-0.257770,0.027984,-0.101872
1838368422613914222!,great-mauve-beetle,1.850000,0.483380,-0.443565,1.231309,0.856667,-0.440436,-11.494298,13.626810,-19.586160,-0.268588,-0.006144,-0.063410
1838368422613914222!,great-mauve-beetle,1.860000,0.471835,-0.563227,1.350737,0.652311,-2.064849,-12.331437,10.258274,-21.241739,-0.281737,-0.050826,-0.016058
1838368422613914222!,great-mauve-beetle,1.870000,0.443845,-0.689972,1.435360,0.435594,-3.747177,-12.897815,6.709549,-22.109178,-0.296910,-0.107294,0.039514
1838368422613914222!,great-mauve-beetle,1.880000,0.399551,-0.821003,1.484548,0.214748,-5.357257,-13.179368,3.203739,-22.147412,-0.313436,-0.175127,0.101237
1838368422613914222!,great-mauve-beetle,1.890000,0.340502,-0.953596,1.499999,-0.001983,-6.750066,-13.203427,-0.028278,-21.393615,-0.330203,-0.251358,0.165262
1838368422613914222!,great-mauve-beetle,1.900000,0.269686,-1.085521,1.485624,-0.207173,-7.790609,-13.037038,-2.784470,-19.967268,-0.345649,-0.329787,0.225792
1838368422613914222!,great-mauve-beetle,1.910000,0.191288,-1.215378,1.447060,-0.394990,-8.381240,-12.771889,-4.928744,-18.056643,-0.357861,-0.400971,0.275383
1838368422613914222!,great-mauve-beetle,1.920000,0.109055,-1.342427,1.390462,-0.562686,-8.482799,-12.501298,-6.426488,-15.880590,-0.364670,-0.452289,0.305233
1838368422613914222!,great-mauve-beetle,1.930000,0.027711,-1.466971,1.321983,-0.708775,-8.130556,-12.290402,-7.325892,-13.663997,-0.364411,-0.472925,0.308367
1838368422613914222!,great-mauve-beetle,1.940000,-0.048533,-1.589781,1.246975,-0.833699,-7.426806,-12.159542,-7.754361,-11.598294,-0.356338,-0.456813,0.281434
1838368422613914222!,great-mauve-beetle,1.950000,-0.116727,-1.711629,1.169303,-0.939537,-6.519246,-12.088134,-7.884992,-9.813286,-0.341080,-0.405667,0.226620
1838368422613914222!,great-mauve-beetle,1.960000,-0.175401,-1.833017,1.091111,-1.029309,-5.567104,-12.034187,-7.893775,-8.367735,-0.320769,-0.329930,0.152202
1838368422613914222!,great-mauve-beetle,1.970000,-0.224324,-1.954225,1.013000,-1.106269,-4.702567,-11.958595,-7.924843,-7.256700,-0.298559,-0.246026,0.070624
1838368422613914222!,great-mauve-beetle,1.980000,-0.265550,-2.074789,0.933785,-1.173902,-3.993000,-11.846355,-8.069723,-6.419089,-0.277094,-0.167534,-0.007728
1838368422613914222!,great-mauve-beetle,1.990000,-0.301146,-2.194169,0.851827,-1.234662,-3.448560,-11.694926,-8.373426,-5.777054,-0.258104,-0.103384,-0.076045
1838368422613914222!,great-mauve-beetle,2.000000,-0.332465,-2.312084,0.765426,-1.290009,-3.035837,-11.502062,-8.853286,-5.253088,,,
